<?xml version="1.0" encoding="UTF-8"?>
<modification>
	<name>Product Import Export Tool</name>
	<version>1.0</version>
	<code>Product Import Export Tool</code>
	<author>Webx it solutions</author>
	<file path="admin/controller/common/column_left.php">
		<operation>
			<search><![CDATA[if ($this->user->hasPermission('access', 'tool/backup')) {]]></search>
			<add position="before"><![CDATA[
				if ($this->user->hasPermission('access', 'extension/product_import')){
				$system[] = array(
					'name'	   => 'Product Import Tool',
					'href'     => $this->url->link('extension/product_import', 'user_token=' . $this->session->data['user_token'], true),
					'children' => array()		
				);
			}
			
			if ($this->user->hasPermission('access', 'extension/product_export')) {
				$system[] = array(
					'name'	   => 'Product Export Tool',
					'href'     => $this->url->link('extension/product_export', 'user_token=' . $this->session->data['user_token'], true),
					'children' => array()	
				);
			}
				]]></add>
		</operation>	
	</file>
</modification>